<?xml version="1.0" encoding="UTF-8" standalone="yes"?>
<addon id="script.texture.cache.cleaner" name="Texture Cache Cleaner" version="1.1.2" provider-name="AcidZab">
    <requires>
        <import addon="xbmc.python" version="3.0.1"/>
        <import addon="script.module.scansioni" version="1.0.9.1"/>
    </requires>
    <extension point="xbmc.python.script" library="default.py">
        <provides>executable</provides>
    </extension>
    <extension point="xbmc.addon.metadata">
        <summary lang="it">Pulisce la cache locale delle texture</summary>
        <description lang="it">Servizio che si occupa di cancellare le texture inutilizzate dalla cache locale
        </description>
        <platform>all</platform>
        <license>GNU GENERAL PUBLIC LICENSE Version 2</license>
        <assets>
            <icon>icon.png</icon>
        </assets>
    </extension>
</addon>