<?xml version="1.0" encoding="UTF-8" standalone="yes"?>
<addon id="script.alphabetic.library" name="Alphabetic Library" version="1.0.2" provider-name="AcidZab">
    <requires>
        <import addon="xbmc.python" version="3.0.1"/>
    </requires>
    <extension point="xbmc.python.script" library="default.py">
        <provides>executable</provides>
    </extension>
    <extension point="xbmc.addon.metadata">
        <summary lang="it">Genera le viste alfabetiche</summary>
        <description lang="it">Script per generare le viste suddivise alfabeticamente per artisti, album e compilation
        </description>
        <platform>all</platform>
        <license>GNU GENERAL PUBLIC LICENSE Version 2</license>
        <assets>
            <icon>icon.png</icon>
        </assets>
    </extension>
</addon>