<?xml version="1.0" encoding="UTF-8" standalone="yes"?>
<addon id="script.library.initzializer" name="Library Installer" version="1.0.7" provider-name="AcidZab">
    <requires>
        <import addon="xbmc.python" version="3.0.1"/>
        <import addon="script.module.scansioni" version="1.1.1"/>
    </requires>
    <extension point="xbmc.python.script" library="default.py">
        <provides>executable</provides>
    </extension>
    <extension point="xbmc.addon.metadata">
        <summary lang="it">Effettua la prima inizializzazione di una libreria</summary>
        <description lang="it">Addon per la inizializzazione di un client AcidZab Archives</description>
        <platform>all</platform>
        <license>GNU GENERAL PUBLIC LICENSE Version 2</license>
        <assets>
            <icon>icon.png</icon>
        </assets>
    </extension>
</addon>