<?xml version="1.0" encoding="UTF-8" standalone="yes"?>
<addon id="script.file.viewer" name="File Viewer" version="1.2.3" provider-name="AcidZab">
    <requires>
        <import addon="xbmc.python" version="3.0.1"/>
        <import addon="script.module.scansioni" version="1.1.0"/>
    </requires>
    <extension point="xbmc.python.script" library="default.py">
        <provides>executable</provides>
    </extension>
    <extension point="xbmc.addon.metadata">
        <summary lang="it">Switcha la vista dei file in miniatura</summary>
        <description lang="it">Script per forzare la view in miniature sui file per la skin Confluence</description>
        <platform>all</platform>
        <license>GNU GENERAL PUBLIC LICENSE Version 2</license>
        <assets>
            <icon>icon.png</icon>
        </assets>
    </extension>
</addon>