<?xml version="1.0" encoding="UTF-8" standalone="yes"?>
<addon id="service.scan.checker" name="Scanner Checker" version="3.2.1" provider-name="AcidZab">
    <requires>
        <import addon="xbmc.python" version="3.0.1"/>
        <import addon="script.module.scansioni" version="1.1.1"/>
    </requires>
    <extension point="xbmc.python.script" library="default.py">
        <provides>executable</provides>
    </extension>
    <extension point="xbmc.addon.metadata">
        <summary lang="it">Controlla se c'è una scansione in corso</summary>
        <description lang="it">Servizio che si occupa di controllare se ci sono aggiunte e lanciare addon di gestione
        </description>
        <platform>all</platform>
        <license>GNU GENERAL PUBLIC LICENSE Version 2</license>
        <assets>
            <icon>icon.png</icon>
        </assets>
    </extension>
</addon>