<?xml version="1.0" encoding="UTF-8" standalone="yes"?>
<addon id="script.music.art.preloader" name="Music Library Texture Cache Preloader" version="3.1.5" provider-name="AcidZab">
    <requires>
        <import addon="xbmc.python" version="3.0.1"/>
        <import addon="script.module.scansioni" version="1.0.8"/>
    </requires>
    <extension point="xbmc.python.script" library="default.py">
        <provides>executable</provides>
    </extension>
    <extension point="xbmc.addon.metadata">
        <summary lang="it">Precarica le miniature delle varie immagini della libreria musicale</summary>
        <description lang="it">Servizio che si occupa di precaricare nella texture cache tutti i thumbnail degli elementi appena scansionati</description>
        <platform>all</platform>
        <license>GNU GENERAL PUBLIC LICENSE Version 2</license>
        <assets>
            <icon>icon.png</icon>
        </assets>
    </extension>
</addon>