<?xml version="1.0" encoding="UTF-8" standalone="yes"?>
<addon id="script.label.preloader" name="Label Preloader" version="3.1.3" provider-name="AcidZab">
    <requires>
        <import addon="xbmc.python" version="3.0.1"/>
        <import addon="script.module.unidecode" version="1.3.6"/>
        <import addon="script.module.scansioni" version="1.1.1"/>
    </requires>
    <extension point="xbmc.python.script" library="default.py">
        <provides>executable</provides>
    </extension>
    <extension point="xbmc.addon.metadata">
        <summary lang="it">Genera la vista per etichette discografiche</summary>
        <description lang="it">Script per scaricare automaticamente le etichette discografiche visualizzate all'interno
            della sezione "Etichette Alfabetiche"
        </description>
        <platform>all</platform>
        <license>GNU GENERAL PUBLIC LICENSE Version 2</license>
        <assets>
            <icon>icon.png</icon>
        </assets>
    </extension>
</addon>