<?xml version="1.0" encoding="UTF-8" standalone="yes"?>
<addon id="script.genres.preloader" name="Genres Preloader" version="1.0.5" provider-name="AcidZab">
    <requires>
        <import addon="xbmc.python" version="3.0.1"/>
    </requires>
    <extension point="xbmc.python.script" library="default.py">
        <provides>executable</provides>
    </extension>
    <extension point="kodi.context.item" library="context.py">
        <item>
            <label>Ascolta in Party Mode</label>
            <visible>String.Contains(Container.FolderPath,genres)</visible>
        </item>
    </extension>
    <extension point="xbmc.addon.metadata">
        <summary lang="it">Genera la vista degli album per genere</summary>
        <description lang="it">Script per generare la vista degli album raggruppati per genere</description>
        <platform>all</platform>
        <license>GNU GENERAL PUBLIC LICENSE Version 2</license>
        <assets>
            <icon>icon.png</icon>
        </assets>
    </extension>
</addon>