<?xml version="1.0" encoding="UTF-8" standalone="yes"?>
<addon id="service.autoexec.label" name="Library Sync" version="1.2.5" provider-name="AcidZab">
    <requires>
        <import addon="xbmc.python" version="3.0.1"/>
        <import addon="script.module.scansioni" version="1.1.0"/>
    </requires>
    <extension point="xbmc.service" library="autoexec.py"/>
    <extension point="xbmc.python.script" library="default.py">
        <provides>executable</provides>
    </extension>
    <extension point="xbmc.addon.metadata">
        <summary lang="it">Aggiorna la libreria all'avvio</summary>
        <description lang="it">Servizio che si scatena all'avvio di Kodi per allineare il database con il server centrale</description>
        <platform>all</platform>
        <license>GNU GENERAL PUBLIC LICENSE Version 2</license>
        <assets>
            <icon>icon.png</icon>
        </assets>
    </extension>
</addon>
