<?xml version="1.0" encoding="UTF-8" standalone="yes"?>
<addon id="script.texture.refresh" name="Texture Refresher" version="3.2.2" provider-name="AcidZab">
    <requires>
        <import addon="xbmc.python" version="3.0.1"/>
        <import addon="script.module.scansioni" version="1.0.9"/>
    </requires>
    <extension point="xbmc.python.script" library="default.py">
        <provides>executable</provides>
    </extension>
    <extension point="xbmc.addon.metadata">
        <summary lang="it">Ricarica le texture</summary>
        <description lang="it">Servizio che si occupa di ricaricare le texture dopo un aggiornamento della libreria
        </description>
        <platform>all</platform>
        <license>GNU GENERAL PUBLIC LICENSE Version 2</license>
        <assets>
            <icon>icon.png</icon>
        </assets>
    </extension>
</addon>