<?xml version="1.0" encoding="UTF-8" standalone="yes"?>
<addon id="script.module.scansioni" name="Zab Commons Utils" version="1.0.9.1" provider-name="AcidZab">
    <requires>
        <import addon="xbmc.python" version="3.0.1"/>
        <import addon="script.module.pymysql" version="1.1.0"/>
        <import addon="script.module.requests" version="2.31.0"/>
    </requires>
    <extension point="xbmc.python.module" library="lib"/>
    <extension point="xbmc.addon.metadata">
        <summary lang="it">Metodi di utilità</summary>
        <description lang="it">Modulo che contiene metodi di utilità comuni utilizzati dai vari add-on</description>
        <platform>all</platform>
        <license>GNU GENERAL PUBLIC LICENSE Version 2</license>
        <assets>
            <icon>icon.png</icon>
        </assets>
    </extension>
</addon>