<?xml version="1.0" encoding="UTF-8" standalone="yes"?>
<addon id="repository.acidzab" name="AcidZab Repository" version="1.0.0" provider-name="AcidZab">
    <extension point="xbmc.addon.repository" name="AcidZab Repository">
        <dir>
            <info compressed="false">https://raw.githubusercontent.com/acidzab/repository.acidzab/master/repo/zips/addons.xml</info>
            <checksum>https://raw.githubusercontent.com/acidzab/repository.acidzab/master/repo/zips/addons.xml.md5</checksum>
            <datadir zip="true">https://raw.githubusercontent.com/acidzab/repository.acidzab/master/repo/zips/</datadir>
        </dir>
    </extension>
    <extension point="xbmc.addon.metadata">
        <summary>AcidZab Repository</summary>
        <description>AcidZab Repository for music server</description>
        <disclaimer></disclaimer>
        <platform>all</platform>
        <assets>
            <icon>icon.png</icon>
            <fanart>fanart.jpg</fanart>
        </assets>
    </extension>
</addon>